question	gold_sentence	answer	similarity	verbosity_control	llm_model_question	llm_model_answer
What are the key features of the MS.315 aircraft?	The MS.315 is a parasol-wing monoplane with a tailwheel, with divided main landing gear, and powered by a 135hp (101kW) Salmson 9Nc radial engine.	The Morane-Saulnier MS.315 was a French parasol-wing monoplane trainer aircraft. Key features include:  *   **Parasol Wing:** The high-mounted wing provided good visibility for both the instructor and student. *   **Tandem Seating:** The instructor and student sat in open cockpits, one behind the other. *   **Simple Construction:** It was designed for ease of manufacture and maintenance, using a fabric-covered steel tube fuselage and wooden wings. *   **Fixed Landing Gear:** It had a fixed tailwheel landing gear configuration. *   **Low Power Engine:** Typically powered by a low-horsepower radial engine, such as the Salmson 9Ab, which kept operating costs down. *   **Trainer Role:** Specifically designed for basic flight training, emphasizing ease of handling and forgiving flight characteristics. *   **Robustness:** Built to withstand the rigors of flight training.	0.6031710505485535	Answer the following question.	gemini-2.0-flash	gemini-2.0-flash
For which publications and in which countries did he work as a war correspondent, covering conflicts in Haiti, Rwanda, Colombia, Afghanistan, Sierra Leone, and Sudan?	In the following years, he became a full-time war correspondent, covering the conflicts Haiti, Rwanda, Colombia, Afghanistan, Sierra leone and Sudan for publications in Holland, Belgium Germany and the USA.	The question does not specify who "he" is. Therefore, I cannot provide a specific answer. To answer the question, I need to know the name of the war correspondent you are asking about.	0.6334763765335083	Answer the following question.	gemini-2.0-flash	gemini-2.0-flash
Who was the most significant intellectual in England at the time who recognized Margaret's position as Countess of Lincoln and viewed her as both patron and peer?	Among these included Robert Grosseteste, Bishop of Lincoln, the most significant intellectual in England at the time who recognised Margaret's position as Countess of Lincoln to be legitimate and important, and he viewed Margaret as both patron and peer.	Unfortunately, there's no single, definitively documented "most significant intellectual" who explicitly recognized Margaret Pole, Countess of Lincoln, as both patron and peer in a way that stands out above all others. Here's why and what we can infer:  *   **Limited Primary Sources:** We lack detailed personal correspondence or treatises explicitly stating such a relationship from prominent intellectuals of the time. Much of what we know about Margaret Pole comes from official records, chronicles, and later historical accounts. *   **Political Sensitivity:** Margaret Pole's lineage (Plantagenet) made her a figure of potential political danger to the Tudor dynasty. Intellectuals, often reliant on royal or noble patronage, would have been cautious about openly associating with her in a way that could be construed as supporting a rival claim to the throne. *   **Focus on Royal Patronage:** The most significant intellectuals of the time (think Thomas More, Erasmus, etc.) were primarily focused on securing patronage from the King (Henry VIII) and other powerful figures directly within the royal court.  **However, we can speculate and infer based on the context:**  *   **Humanist Scholars:** Given Margaret Pole's status and education, it's likely she had contact with humanist scholars. While we don't have explicit statements, it's plausible that some humanist scholars, perhaps those connected to religious houses or less directly tied to the royal court, would have recognized her intellectual capabilities and treated her with respect. *   **Clergy:** As a devout Catholic, Margaret Pole likely had relationships with prominent clergy members. Some of these individuals, particularly those with intellectual leanings, might have viewed her as a patron and intellectual equal, especially in matters of religious scholarship and piety. *   **Individuals within her household:** It's highly probable that tutors, chaplains, and other educated members of her household recognized her position and intellect. However, these individuals would likely not be considered the "most significant intellectuals" in England at the time.  **In conclusion:** While we can't name a specific "most significant intellectual" who demonstrably viewed Margaret Pole as both patron and peer, it's reasonable to assume that some humanist scholars, clergy members, or individuals within her household likely held her in high regard and recognized her intellectual capabilities, even if they didn't publicly express it in a way that has survived to the present day. The political climate of the time made such open recognition risky.	0.6570006608963013	Answer the following question.	gemini-2.0-flash	gemini-2.0-flash
Why did concerns arise regarding China's intentions after acquiring a T-10K from Ukraine?	However, worries over other Chinese intentions emerged when it was reported that China had acquired one of the T-10Ks, an Su-33 prototype, from Ukraine, potentially to study and reverse engineer a domestic version.	Concerns arose regarding China's intentions after acquiring a T-10K from Ukraine for several reasons:  *   **Reverse Engineering and Technological Advancement:** The T-10K was a prototype Soviet aircraft carrier trainer with advanced technology, including arresting gear and catapult systems. China lacked this technology at the time. Acquiring the T-10K provided China with a valuable platform to study and reverse engineer these technologies, potentially accelerating its own aircraft carrier development program.  *   **Military Modernization:** China had been rapidly modernizing its military, and acquiring the T-10K was seen as another step in this process. It fueled concerns that China was seeking to project power further afield and challenge the existing regional and global balance of power.  *   **Regional Power Dynamics:** The acquisition raised concerns among China's neighbors, particularly those with territorial disputes in the South China Sea. A more capable Chinese navy, including aircraft carriers, could potentially be used to assert its claims more aggressively.  *   **Lack of Transparency:** China's intentions regarding the T-10K were not entirely clear. While initially presented as a civilian project (a floating hotel/casino), the potential for military applications was evident. This lack of transparency fueled suspicion and concern.  In essence, the acquisition of the T-10K was seen as a potential shortcut for China to develop its aircraft carrier capabilities, which could have significant implications for regional security and the balance of power.	0.6319678425788879	Answer the following question.	gemini-2.0-flash	gemini-2.0-flash
Where did The Call-Up record their self-titled EP?	In March of 2005, with the help of former Super Friend, Charles Austin, The Call-Up recorded their self titled ep as "Undecided" in Halifax, Nova Scotia in Austin's Ultramagnetic Studio.	The Call-Up recorded their self-titled EP at Studio Unknown in Seattle.	0.7109775543212891	Answer the following question.	gemini-2.0-flash	gemini-2.0-flash
Besides academic achievers, who carried the Indonesian Flag at the National Palace on Indonesia's independence day in 2015?	However, there are also non academic achievers such as Maria Felicia Gunawan, who in 2015 was in charge of carrying the Indonesian Flag at the National Palace on Indonesia's independence day.	Besides academic achievers, members of the Indonesian National Police (Polri) and the Indonesian National Armed Forces (TNI) carried the Indonesian Flag at the National Palace on Indonesia's independence day in 2015.	0.7719759941101074	Answer the following question.	gemini-2.0-flash	gemini-2.0-flash
Who owns Netscape Internet Service?	Netscape Internet Service is a discount Internet service provider by AOL, the current owners of the Netscape brand name, which is a registered trademark.	Netscape Internet Service no longer exists. It was acquired by MindSpring in 1999, which later merged with EarthLink. Therefore, **EarthLink** effectively owns what remains of the Netscape Internet Service customer base and infrastructure from that era.	0.6740511655807495	Answer the following question.	gemini-2.0-flash	gemini-2.0-flash
What did he want to learn about people's response to speech?	He wanted to learn if people can respond to figurative speech with the same speed as literal speech.	He wanted to learn about people's response to speech **(in general)**.	0.7100175619125366	Answer the following question.	gemini-2.0-flash	gemini-2.0-flash
What was the name of the YouTube channel the company was previously in partnership with?	The company was previously in partnership with a YouTube channel called 'cessna154' performing similar tasks.	This question cannot be answered without more context. I need to know what company you are referring to. Please provide the company name.	0.38465601205825806	Answer the following question.	gemini-2.0-flash	gemini-2.0-flash
Who is allowed to participate in the Tel Aviv Gillette Marathon?	The Tel Aviv Gillette Marathon is a multi-course event allowing both professional and hobbyist runners to take part.	The Tel Aviv Gillette Marathon is open to anyone who meets the age requirements and registration guidelines set by the organizers. Generally, this includes:  *   **Adults:** There are age restrictions for the full marathon, half marathon, and some of the shorter races. *   **Children/Teenagers:** Shorter races like the 5k or kids' races are available for younger participants. *   **People of all nationalities:** The marathon is an international event. *   **People of varying fitness levels:** Different race distances cater to different levels of experience and fitness.  **Important Considerations:**  *   **Registration:** Participants must register and pay the registration fee before the deadline. *   **Age Restrictions:** Check the official marathon website for specific age requirements for each race distance. *   **Health:** Participants should be in good health and physically prepared for the race they choose. *   **Rules and Regulations:** Participants must adhere to the rules and regulations set by the marathon organizers.  **To get the most accurate and up-to-date information, it's best to check the official Tel Aviv Marathon website.**	0.7230613231658936	Answer the following question.	gemini-2.0-flash	gemini-2.0-flash
What are the characteristics of the dimeric form of M2-PK regarding its affinity to phosphoenolpyruvate and its activity at physiological PEP concentrations?	In contrast, the dimeric form of M2-PK is characterized by a low affinity to phosphoenolpyruvate and is nearly inactive at physiological PEP concentrations.	The dimeric form of M2-PK (also known as tumor M2-PK) exhibits the following characteristics regarding its affinity to phosphoenolpyruvate (PEP) and its activity at physiological PEP concentrations:  *   **Lower Affinity for PEP:** Compared to the tetrameric form of M2-PK, the dimeric form has a significantly lower affinity for PEP. This means it requires a higher concentration of PEP to achieve the same level of binding and activation.  *   **Lower Activity at Physiological PEP Concentrations:** Because of its lower affinity, the dimeric form of M2-PK is much less active at physiological PEP concentrations. In other words, at the normal levels of PEP found in cells, the dimeric form is not very efficient at catalyzing the conversion of PEP to pyruvate. This leads to a "bottleneck" in glycolysis.  In summary, the dimeric form of M2-PK is characterized by a **lower affinity for PEP** and **reduced activity at physiological PEP concentrations** compared to the tetrameric form. This shift towards the dimeric form is often observed in cancer cells and contributes to the Warburg effect, where cancer cells favor glycolysis even in the presence of oxygen.	0.7863438129425049	Answer the following question.	gemini-2.0-flash	gemini-2.0-flash
What is Gregory Jim Rutherford Polanco's profession?	Gregory Jim Rutherford Polanco (born September 14, 1991) is a Dominican professional baseball outfielder.	Gregory Polanco is a professional baseball player.	0.8633434772491455	Answer the following question.	gemini-2.0-flash	gemini-2.0-flash
What were some examples of full-page Sunday comic strips that were revived in the mid-1950s?	In the mid- 1950s, there were a few attempts to revive the full page Sunday comic strip, notably Lance and Johnny Reb and Billy Yank.	Several classic full-page Sunday comic strips saw revivals in the mid-1950s, often through reprints or new artists taking over the original concepts. Here are a few examples:  *   **Little Orphan Annie:** While never truly disappearing, *Little Orphan Annie* experienced a resurgence in popularity during the mid-1950s. After the death of creator Harold Gray in 1968, the strip was continued by other artists and writers.  *   **Buster Brown:** Buster Brown was revived in 1945 and ran until 1950.  It's important to note that the term "revival" can be interpreted in different ways. Some strips might have been continuously published but experienced renewed interest or a change in creative direction that felt like a fresh start. Others might have been completely dormant and then brought back in reprint form or with new stories.	0.7426044940948486	Answer the following question.	gemini-2.0-flash	gemini-2.0-flash
What is one of the approximations used in deriving the equation?	This is not the case, and this is one of the approximations used in deriving the equation.	Please provide the equation you are referring to. I need to know the equation to tell you one of the approximations used in its derivation.	0.8192963004112244	Answer the following question.	gemini-2.0-flash	gemini-2.0-flash
Where are these researchers seeking to understand the relationship between religion and ancient politics?	These researchers are also seeking to ascertain the relationship of religion to ancient politics more generally, at sites in both Wisconsin and the Cahokia area.	Please provide the context or information about the researchers you are referring to. I need to know where they are working, what texts they are studying, or any other relevant details to answer your question accurately.	0.40468087792396545	Answer the following question.	gemini-2.0-flash	gemini-2.0-flash
What year was the club founded and what league are they currently playing in?	The club was founded in 1895, is currently playing in the Topklasse, the highest tier of football in the Netherlands.	Please provide the name of the club you are asking about. I need the club's name to answer your question about its founding year and current league.	0.5552924275398254	Answer the following question.	gemini-2.0-flash	gemini-2.0-flash
What were two notable firsts achieved by the Steel in American arena/indoor football leagues?	The Steel were the first team from Mexico to play in an American arena/indoor football league, as well as the first team from outside the United States to play in one since the Toronto Phantoms of the Arena Football League (2001-2002).	Two notable firsts achieved by the Steel in American arena/indoor football leagues are:  1.  **First expansion team to win a championship:** The Steel won ArenaBowl XVI in their inaugural season in 2002. 2.  **First arena/indoor football team to be owned by an African American woman:** Valerie Pritchett was the principal owner of the team.	0.736785352230072	Answer the following question.	gemini-2.0-flash	gemini-2.0-flash
What were the dates of the ship's laying down, launch, and commissioning?	Laid down on 2 April, 1991, launched on 11 November, 1991 and commissioned on 15 April, 1992.	To answer your question, I need to know which ship you are asking about. Please provide the name of the ship.	0.1825745403766632	Answer the following question.	gemini-2.0-flash	gemini-2.0-flash
What were the required uses for the aircraft?	The requirements were that it could be used for long-range transport, defensive patrolling, reconnaissance, light bombing and torpedo attack.	Please provide the context! I need to know which aircraft you're asking about to answer the question. For example, are you asking about:  *   **A specific military aircraft?** (e.g., "What were the required uses for the F-35 aircraft?") *   **A type of commercial aircraft?** (e.g., "What were the required uses for the Boeing 747 aircraft?") *   **A hypothetical aircraft?** (e.g., "What were the required uses for the aircraft in the design competition?")  Once you give me more information, I can give you a relevant answer.	0.44326943159103394	Answer the following question.	gemini-2.0-flash	gemini-2.0-flash
What is the purpose of Sensory Stimulation Therapy (SS)?	Sensory Stimulation Therapy (SS) is an experimental therapy that aims to utilize neural plasticity mechanisms to aid in the recovery of somatosensory system function after stroke or cognitive ageing.	The purpose of Sensory Stimulation Therapy (SS) is to **improve a person's awareness, responsiveness, and overall well-being by providing controlled and meaningful sensory experiences.**  Here's a more detailed breakdown:  *   **Increase Awareness:** SS aims to awaken and stimulate the senses (sight, sound, touch, smell, taste, and movement) to help individuals become more aware of themselves and their environment. *   **Enhance Responsiveness:** By providing sensory input, SS can encourage individuals to react and respond to stimuli, even if they have limited communication or physical abilities. *   **Promote Relaxation and Comfort:** Certain sensory experiences, such as gentle touch or calming music, can help reduce anxiety, agitation, and pain, promoting relaxation and a sense of comfort. *   **Improve Cognitive Function:** SS can help improve attention, memory, and other cognitive functions by stimulating the brain and encouraging neural connections. *   **Facilitate Communication:** By increasing awareness and responsiveness, SS can create opportunities for communication, even if it's non-verbal. *   **Enhance Quality of Life:** Ultimately, SS aims to improve the overall quality of life for individuals with sensory impairments, cognitive disabilities, or neurological conditions by providing them with meaningful and enjoyable experiences.  SS is often used with individuals who have:  *   Dementia *   Brain injuries *   Developmental disabilities *   Coma or vegetative state *   Sensory processing disorders	0.6680110692977905	Answer the following question.	gemini-2.0-flash	gemini-2.0-flash
